mgi_symbol,logFC,AveExpr,t,P.Value,adj.P.Val,B
A730020M07Rik,-1.223765033,0.45240222,-3.486390497,0.002956867,0.107903225,-2.16263799
Abcb1b,1.029246795,2.362919651,2.528725279,0.022051338,0.280123835,-4.178866802
Abcc4,2.147872925,5.958633458,5.184595654,8.36E-05,0.011435456,1.114758631
Abcg1,1.070544845,1.977178239,2.784741082,0.013026655,0.265904983,-3.655590026
Abhd14b,-1.218948738,7.549272744,-6.413788925,7.63E-06,0.00291252,3.494249658
Abhd3,-1.306155069,3.113629121,-6.210204066,1.12E-05,0.003533274,3.200207659
Abi2,-1.687748101,6.386570937,-3.096297863,0.006777235,0.179486398,-3.254886404
Acaa2,1.629457521,6.632142827,5.107602428,9.78E-05,0.012472133,0.920637769
Acacb,1.386656536,4.147179115,3.958614125,0.001079119,0.059495907,-1.353220742
Acbd4,-1.11892685,4.525265409,-3.902495839,0.001216202,0.063899636,-1.468433003
Ace,-1.52375752,4.942318202,-5.209776505,7.95E-05,0.011166584,1.196775766
Acmsd,-1.389743652,6.096960388,-4.424975617,0.000401919,0.031275808,-0.498329406
Acnat2,1.212147332,4.72279276,3.448903441,0.00320313,0.114006135,-2.500692388
Acot2,1.330831914,5.730597735,4.255488948,0.000574582,0.039634734,-0.80246708
Acot3,1.547592564,4.949144214,3.91312502,0.001188954,0.063216117,-1.487738277
Acot5,1.052385618,-0.265465087,2.680972132,0.016147018,0.265904983,-3.943829555
Acsf2,1.700262967,1.384791057,3.452600115,0.003177966,0.113577497,-2.277504775
Acsl1,1.122933798,6.648672244,2.98316081,0.008603146,0.206615431,-3.548163756
Acsm1,-1.16707556,8.013893171,-4.351741507,0.000468915,0.034737097,-0.727753539
Acsm2,-1.577491826,11.63049199,-6.937944557,2.92E-06,0.001642638,4.298477857
Acsm3,-2.822567558,4.333008585,-5.676825284,3.13E-05,0.006830647,2.184190064
Acta1,1.146257745,0.061569377,3.604518494,0.002297632,0.09342281,-1.947454802
Actn2,1.460104575,0.957373628,6.401391786,7.81E-06,0.00291252,3.76132821
Acy3,-1.87409268,10.7629374,-4.299072121,0.000524028,0.037302517,-0.95272597
Acyp2,-1.148168169,2.218517131,-4.758031972,0.000200497,0.020086848,0.400261948
Adamts15,-1.596203002,4.540551221,-5.422238591,5.18E-05,0.008730405,1.695412938
Adck1,1.053212578,5.185078365,2.518473489,0.022515293,0.283934114,-4.426994549
Adcy2,-1.76975431,0.014024849,-4.998428497,0.000122183,0.014689151,1.002577654
Adh1,-1.696390922,8.796878917,-6.496216875,6.54E-06,0.002749388,3.588319143
Afmid,-2.599112638,1.96595537,-7.044463081,2.42E-06,0.001515319,4.93473983
Agps,-1.742425571,5.194487244,-5.438333815,5.02E-05,0.008595206,1.631771617
Agt,2.184436869,5.367868062,5.976185897,1.75E-05,0.004730061,2.768830427
Agtr1a,-1.129980988,4.280006503,-3.688941729,0.0019185,0.084468639,-2.002176147
Akr1c12,1.902005527,1.662773174,5.155542812,8.87E-05,0.011921855,1.268926758
Akr1c13,2.122504635,3.538362402,9.14029432,7.70E-08,0.000185259,8.317270156
Akr1c14,-2.399454218,4.033095492,-7.200003526,1.83E-06,0.001260323,5.063585226
Akr1c19,1.459328911,4.560330705,7.517922868,1.06E-06,0.000830872,5.630224269
Alas2,2.056853782,0.968904925,2.354570666,0.03130931,0.350962692,-4.53163185
Aldh1a1,1.453694928,6.451940552,3.408140532,0.003494091,0.120114585,-2.655448485
Alox12,1.049383911,3.515307346,6.811749347,3.67E-06,0.001913263,4.388809945
Alox15,-5.055232807,1.826767014,-12.23307873,1.16E-09,1.68E-05,12.51192049
Amacr,-1.675281486,6.241006961,-4.811277233,0.000179573,0.018606518,0.281178024
Amigo2,1.080643525,4.02578437,3.669615675,0.001999355,0.085930576,-1.97580401
Angptl3,2.372924198,1.153231927,8.18239419,3.47E-07,0.000406298,6.868388728
Angptl4,1.776640875,4.900021388,3.177814465,0.005702951,0.162490915,-3.010334043
Angptl7,-3.378648447,3.253480084,-9.796793619,2.92E-08,0.000130004,9.30659747
Anks1b,-1.757666843,0.782532767,-6.323341782,9.04E-06,0.003128314,3.621243124
Ano9,1.667701617,3.314184845,4.500746555,0.000342812,0.028153506,-0.144936401
Aplp1,1.116762964,2.56941857,5.814142453,2.39E-05,0.005851641,2.571432246
Apoa2,3.650626599,2.290820508,5.227265391,7.67E-05,0.010889712,1.388702912
Apob,1.520511915,4.14140963,7.112803185,2.14E-06,0.001361918,4.935891782
Apobec2,-1.210259968,1.571542035,-4.831301992,0.000172295,0.01827676,0.647613162
Apoc1,1.600424817,2.555048959,3.592057473,0.002359608,0.094734547,-2.011740704
Apoc2,2.653915125,0.615556927,5.451627273,4.89E-05,0.008595206,1.733276021
Apoc3,2.619465007,5.100980969,4.856512734,0.000163559,0.017630139,0.481894123
Apoc4,2.085651718,0.186007005,3.533087743,0.002676302,0.102649691,-2.239150662
Apod,1.648540898,1.173315726,3.021705863,0.007932701,0.196723521,-3.131682101
Apoe,2.626386214,9.832544008,7.410290322,1.27E-06,0.000965147,5.248022823
Apoh,-1.377884959,3.777402037,-3.044790519,0.00755591,0.191390559,-3.302778224
Apol9a,2.577620065,1.58508713,3.675854459,0.001972888,0.085549411,-1.86828799
Apol9b,2.17583183,2.426528579,3.257737128,0.004812949,0.147239088,-2.68115199
Aqp4,-1.033866694,5.487403686,-3.630817734,0.002172115,0.090047085,-2.161607712
Arg2,2.130069102,2.160317111,6.214187848,1.11E-05,0.003532505,3.311794155
Arhgap27,-1.056211418,4.373873246,-3.812925125,0.001472266,0.072138204,-1.686796342
Arhgdig,1.275472821,3.038097952,3.621070242,0.002217817,0.09098304,-1.972120003
Arhgef39,-1.142317789,5.446702065,-3.764539097,0.001632471,0.076964436,-1.8452666
Arpc3,-1.018957405,4.315683666,-2.256213809,0.038039521,0.392516338,-4.851876274
Arsb,-1.072104744,5.403103734,-4.006566132,0.000974387,0.056004588,-1.374868685
Asgr1,1.548824482,2.145010177,3.926330802,0.001155956,0.062381248,-1.282847739
Asns,1.61591287,1.933705682,4.814977074,0.000178205,0.018606518,0.574927666
Aspdh,-1.445214182,6.676780428,-3.244511432,0.004950139,0.149297577,-2.999044351
Asrgl1,1.129228783,3.758029979,4.9028158,0.000148677,0.016627287,0.662971746
Ass1,-1.469492366,7.981370401,-6.256655213,1.02E-05,0.003333527,3.180865047
Asxl3,-1.62617374,0.985573819,-5.227032676,7.67E-05,0.010889712,1.473873392
Atf5,1.021598598,7.152557418,2.222643256,0.04062917,0.408557271,-5.010738945
Atp11a,-2.131658181,8.189697647,-6.341588009,8.73E-06,0.003088471,3.326082557
Atp6v0d2,1.057214202,4.213004098,4.678633479,0.000236435,0.022101305,0.134365771
Atp8a2,-1.219640736,1.120494507,-3.558151104,0.002536825,0.098824292,-2.00457345
Atrnl1,-1.038384925,3.994536727,-4.996057427,0.000122778,0.01471975,0.832222546
AU021092,-1.01698676,4.278711005,-2.629854683,0.017936771,0.265904983,-4.058241015
B230312C02Rik,-1.019620157,0.458834981,-3.715884832,0.001811212,0.081485696,-1.701791682
B3galt5,-1.458239071,4.45170789,-4.332244021,0.000488596,0.035720315,-0.603380529
B4galnt1,1.268462283,3.34011226,3.970956309,0.001051123,0.058852031,-1.241321052
B4galt5,-1.504546235,4.777883028,-4.57928669,0.00029085,0.025282772,-0.139015474
Bbc3,1.109489158,3.276910811,3.167221043,0.005832471,0.163915172,-2.995998324
Bbox1,1.556382741,-0.117416472,4.52178423,0.000328028,0.027334199,-0.00559548
BC067074,-1.265056974,1.191029875,-5.685604761,3.08E-05,0.006794465,2.380063691
Bcat1,-1.325891236,3.058951369,-3.904807846,0.001210222,0.063869777,-1.401246181
Bcl11b,-1.334090919,3.274227047,-4.507386371,0.000338074,0.027976761,-0.120172448
Bdh1,-1.033256789,7.236885304,-4.40642578,0.000417909,0.032240809,-0.59324737
Bend5,-1.63465382,3.93727154,-4.670622217,0.000240409,0.022328129,0.169073644
Best1,-1.215282133,-0.273339158,-4.459859621,0.000373516,0.029642581,-0.279190874
Bhmt,2.381725983,1.184578638,5.838137789,2.28E-05,0.005616487,2.634753273
Bmp15,1.371487178,-0.239776484,3.440040052,0.003264275,0.115490153,-2.322210983
Bst2,1.711234282,4.969794277,5.18791963,8.31E-05,0.011412419,1.188141716
Btbd11,-1.112325586,2.598928847,-4.131798011,0.000746705,0.047271563,-0.888545269
Btnl10,-1.091390669,-0.325215354,-3.41013633,0.003479253,0.119699574,-2.441241066
Btnl9,-2.261091292,3.858872656,-5.207682918,7.98E-05,0.011175626,1.289324708
C1qtnf3,-2.244779858,4.655144281,-5.043912793,0.000111332,0.013607625,0.875344736
C1qtnf4,1.314057173,1.876722464,4.779838075,0.000191642,0.019404193,0.526773149
C1qtnf4,1.314057173,1.876722464,4.779838075,0.000191642,0.019404193,0.526773149
C3,3.31900252,6.684924551,6.018425021,1.61E-05,0.004521766,2.795559852
C330021F23Rik,-1.159745632,1.2813553,-4.149696431,0.000718883,0.045957517,-0.754535591
C4a,-3.25424387,2.923252678,-6.417119778,7.58E-06,0.00291252,3.756510528
C8a,-1.189977946,3.718362643,-3.664510233,0.002021279,0.086358287,-1.972642852
Cadps2,1.316781538,3.755950992,7.230566005,1.74E-06,0.001233595,5.175120121
Car3,-1.1755681,3.265193527,-2.727898989,0.014655852,0.265904983,-3.830124211
Cbr1,2.015722693,4.560234896,5.245912741,7.39E-05,0.010764564,1.292792859
Cbr3,2.503570264,3.107041387,4.761340205,0.000199127,0.019995886,0.375571242
Cbs,-1.065238375,7.889647926,-4.180717248,0.000673124,0.043694848,-1.103451661
Ccdc160,1.065877718,2.718203635,3.759898708,0.001648726,0.077233135,-1.70342489
Ccdc6,-1.343779798,5.840376794,-5.279713364,6.90E-05,0.010302218,1.296858643
Cckar,-2.478438857,7.105349484,-4.649084341,0.000251436,0.022623968,-0.028190828
Ccl2,1.012970606,1.002431882,3.188966922,0.005569653,0.160810259,-2.795887741
Ccl28,-1.388010538,4.611841502,-3.005461409,0.008208792,0.201061971,-3.412297421
Ccl9,1.00724959,0.791325783,3.310661841,0.004300554,0.137566861,-2.514845662
Cd163l1,-1.300817368,-0.56425779,-4.830079725,0.00017273,0.018278156,0.345727789
Cd36,-1.088938916,6.084823987,-3.950658804,0.001097562,0.06012972,-1.518912051
Cd55,-1.626801702,1.580209291,-4.459297401,0.000373957,0.029642581,-0.14384334
Cd83,1.098539152,2.173093426,3.003459336,0.008243462,0.20122788,-3.229832077
Cdc20,1.079672594,2.245016117,2.218986365,0.040920921,0.41006193,-4.723082699
Cdcp1,-1.039092173,3.380687335,-4.818500664,0.000176912,0.018584362,0.487579785
Cdh11,-1.082534583,0.216025109,-3.509180369,0.002816461,0.104838369,-2.130367292
Cdhr2,1.416151973,6.117819842,4.631052979,0.000261063,0.023248603,-0.056651473
Cdk18,1.038709047,5.264106699,4.556584106,0.000304986,0.025801782,-0.17177126
Cdkn1a,4.225380101,7.411156228,15.68252831,2.68E-11,5.81E-07,16.25166451
Cdx4,-1.877462875,-0.176600572,-6.652588969,4.90E-06,0.002234139,4.075945404
Cenpj,-1.297123808,1.704772999,-4.092909147,0.000810971,0.050069647,-0.934612387
Cep295,-1.006626219,3.570258106,-4.104562046,0.000791147,0.049267428,-0.968865779
Ces1b,1.208475992,-0.165952491,3.412606582,0.003460974,0.119403305,-2.308236459
Ces1e,-1.555903897,6.366879638,-3.717887912,0.00180348,0.081485696,-1.9844388
Ces1f,-2.38268593,6.78392013,-5.957873831,1.81E-05,0.004780414,2.615347651
Ces1g,-1.01763037,0.322290183,-3.470459769,0.003059131,0.110843301,-2.175191181
Ces2b,-1.234754551,1.847330116,-3.439397424,0.003268753,0.115490153,-2.325753569
Ces2e,1.497451749,4.741881246,7.718982464,7.50E-07,0.000636206,5.981369695
Chac1,2.332360275,1.86738072,3.02910182,0.007810026,0.194992455,-3.181391892
Chac2,-1.033855,2.957874911,-3.691734005,0.001907091,0.084309417,-1.842563329
Chd3,-1.606449898,8.835896569,-5.95881402,1.81E-05,0.004780414,2.551990443
Chrdl1,-1.720943907,1.235871867,-6.242944557,1.05E-05,0.003395437,3.453418605
Chrna4,-1.675115664,8.001676451,-5.69654682,3.01E-05,0.006794465,2.101928415
Chst11,-1.354303516,3.879981664,-5.203590441,8.05E-05,0.011175626,1.25527396
Chst7,-1.165496918,4.311832376,-3.885408358,0.001261329,0.065221426,-1.558358646
Cit,-1.433915257,3.511603454,-2.868603806,0.010938309,0.240187724,-3.562096143
Cks2,-1.005753598,0.434235002,-2.497342407,0.023500988,0.291809184,-4.131644215
Clca1,1.30115375,3.19916099,3.599781763,0.002320997,0.093881056,-2.08269739
Cldn14,1.550535003,0.192334571,3.078294024,0.007040032,0.183131706,-3.092332013
Cldn18,-1.320165193,0.3618821,-4.259142574,0.00057016,0.039419359,-0.572701944
Cldn9,-1.647151026,0.357685732,-5.247415719,7.36E-05,0.010764564,1.484944412
Clec10a,-1.362729709,1.285014139,-4.811107771,0.000179636,0.018606518,0.624267866
Clstn2,-1.688948955,0.63731674,-5.954136202,1.82E-05,0.004785808,2.910272351
Clu,1.209050723,7.789781776,4.980697427,0.000126703,0.014860945,0.620413053
Cmtm6,-1.287492066,3.728477103,-4.273865017,0.000552689,0.038457208,-0.72205446
Cndp1,-1.85016541,2.616477068,-6.429046036,7.41E-06,0.00291252,3.718105661
Cntnap5a,-3.898526096,1.568743345,-8.653298141,1.63E-07,0.000272,7.617143962
Col11a2,1.433714075,1.218481768,2.995995425,0.00837398,0.203039704,-3.174343119
Col19a1,-4.057184487,2.702240229,-6.684202575,4.63E-06,0.002177223,4.260434411
Col3a1,-1.426209268,2.840174705,-3.529762716,0.002695371,0.102870939,-2.177018679
Col6a6,-3.526567041,2.573022821,-6.817468898,3.63E-06,0.001913263,4.502848179
Coq10b,-1.035492522,4.101121847,-4.59965327,0.000278737,0.024429624,-0.035431184
Cox6a1,1.195703437,10.21704472,4.841047136,0.000168863,0.017956696,0.173111063
Cox6a2,-1.066032377,1.396987863,-2.641859024,0.017500144,0.265904983,-3.873756696
Cox6b2,2.587714138,4.895449767,8.706791178,1.50E-07,0.000265891,7.62663362
Cox8b,1.994884595,1.694748604,3.068383927,0.007188922,0.18564232,-3.079131364
Cp,1.511608167,5.715772166,6.172982384,1.20E-05,0.003737135,3.087633531
Cpb2,1.069752256,0.833597473,3.004233204,0.008230044,0.20122788,-3.142456541
Cpn1,2.064666826,3.01174511,7.788264745,6.67E-07,0.000577406,6.187167908
Crabp1,1.907076123,1.002383775,4.287184,0.000537352,0.037890209,-0.540949825
Crct1,1.273677792,-0.056560554,2.843336503,0.011530755,0.24821574,-3.654119123
Creb3l3,1.168588882,0.091236389,3.196054599,0.005486538,0.159863706,-2.893619147
Crip1,1.360522343,4.905641416,3.694898257,0.001894245,0.083999903,-1.959985937
Cry1,1.440439482,2.77732394,4.116741876,0.000770951,0.04835763,-0.903407703
Ctnna2,-1.202578567,0.753038265,-2.696513639,0.015637715,0.265904983,-3.752527771
Ctxn3,-3.046207321,0.9950183,-6.834744641,3.52E-06,0.001913263,4.54935413
Cul9,-1.300351563,5.340180907,-8.098725672,3.98E-07,0.000435691,6.604682535
Cxcl10,2.018732658,1.82657319,2.926143923,0.009697294,0.222651922,-3.371392884
Cyb5rl,1.060754568,6.019297631,4.706326236,0.000223207,0.021351283,0.134011279
Cycs,-1.533240684,6.897963259,-4.325580686,0.000495512,0.036043322,-0.735426814
Cyp17a1,1.207502134,0.09105821,4.150516177,0.000717634,0.045945547,-0.81491161
Cyp24a1,-2.871491807,5.305448519,-2.736898639,0.014385428,0.265904983,-3.8907263
Cyp26b1,1.823524157,5.82194891,3.157808797,0.005949975,0.165690411,-3.123132433
Cyp2a4,-1.498542573,6.523690316,-4.387459103,0.000434928,0.033198707,-0.603105666
Cyp2b10,-1.119962727,0.834415808,-2.620353233,0.018289729,0.265904983,-3.931736537
Cyp2c44,1.317854806,2.604309645,4.68723126,0.000232244,0.021898774,0.275152705
Cyp2d10,1.245242776,0.666476668,2.402712435,0.028437724,0.331123137,-4.393051702
Cyp2d12,-1.646958326,3.58746904,-3.90235242,0.001216573,0.063899636,-1.462807833
Cyp2d22,1.826311447,5.658842538,5.85499595,2.21E-05,0.005497999,2.482269888
Cyp2j11,-1.581395823,5.77275718,-4.731884162,0.00021167,0.020726433,0.18393616
Cyp2j13,-3.224774023,7.539730836,-5.067064585,0.000106193,0.013295002,0.819550122
Cyp2j5,-1.01480595,8.887871306,-4.058025271,0.000873368,0.052143754,-1.404943658
Cyp2j7,-1.056355959,0.052411964,-3.23404534,0.005061432,0.151460594,-2.733172927
Cyp2j9,-1.30762114,1.095300638,-5.570590274,3.86E-05,0.007916701,2.148215058
Cyp2s1,1.34260382,4.232058294,6.757883773,4.05E-06,0.002012964,4.297912711
Cyp4a10,3.653229848,9.147264917,6.447824571,7.16E-06,0.00291252,3.488262889
Cyp4a12a,-1.947871453,9.65865628,-3.686182456,0.00192984,0.084709426,-2.231930998
Cyp4a12b,1.395556413,7.314825695,3.736374622,0.001733663,0.079652801,-2.010328484
Cyp4a14,7.657823209,7.564597864,8.380529988,2.52E-07,0.000332376,7.034416234
Cyp4a31,2.304539384,9.575487059,4.519565825,0.000329556,0.027376572,-0.453308806
Cyp4b1,-2.010987405,8.157193589,-5.607242537,3.59E-05,0.007470601,1.84297418
Cyp51,-1.920271558,8.239287298,-8.353791633,2.63E-07,0.000334956,6.920880472
Cyp7b1,-2.624079906,6.478240038,-5.114313332,9.64E-05,0.012472133,0.969035757
D630024D03Rik,-1.043458376,3.081962263,-4.784982146,0.000189612,0.019263835,0.441997982
Dcst1,-1.987688331,2.38101169,-4.986612828,0.000125176,0.014860945,0.941234056
Ddx60,1.122443644,2.298475811,2.723201727,0.014798933,0.265904983,-3.781686996
Defb19,-1.469601251,1.884627309,-2.705552947,0.015348627,0.265904983,-3.754073993
Defb29,-1.013724303,6.552299539,-3.439722242,0.003266489,0.115490153,-2.609727446
Degs2,-1.345308344,5.861296642,-6.307340539,9.31E-06,0.003197975,3.349092815
Depdc1b,-1.585867473,1.116935054,-4.890200667,0.000152589,0.016933443,0.763507593
Dgkb,-1.028631762,0.602613544,-4.474969652,0.000361855,0.029265952,-0.069069669
Dleu7,-1.180468462,3.306917585,-5.462693753,4.78E-05,0.008595206,1.793434224
Dnaja1,-1.545226344,6.514286899,-5.982188424,1.73E-05,0.004730061,2.674317035
Dnase1l3,-1.016548273,-0.083031195,-2.910632694,0.010017669,0.227690465,-3.588268408
Dock4,-1.186748415,2.657380057,-3.834430403,0.001406226,0.069808564,-1.537243106
E030030I06Rik,1.325783803,3.170617884,5.128938313,9.36E-05,0.012278737,1.134377498
E130311K13Rik,-1.044625067,3.080530651,-4.394102976,0.000428887,0.032970233,-0.418129422
Eci3,-1.042713276,5.919197894,-4.4891854,0.000351223,0.028789671,-0.33838499
Eda2r,2.311189286,1.143813544,8.092064793,4.03E-07,0.000435691,6.719050046
Eddm3b,-2.354179864,2.09215139,-5.266311067,7.09E-05,0.010435927,1.437690472
Efhd1,1.250667814,5.458681463,7.341819423,1.43E-06,0.001068181,5.248954041
Efnb3,-1.944024919,0.943761037,-4.295539912,0.000527951,0.037520096,-0.486759162
Eif4ebp1,1.718776911,3.821448226,5.508518618,4.37E-05,0.008573238,1.869285655
Emilin2,-1.03938381,0.550345185,-2.942567939,0.009368934,0.217352127,-3.26754418
Eml5,-1.133208318,3.575632668,-5.332337156,6.21E-05,0.009560142,1.534799507
Eno2,1.042033207,1.596078374,3.064539514,0.007247507,0.186511657,-3.032090288
Ephx1,3.220235158,7.50495355,8.610057388,1.75E-07,0.000273241,7.370526277
Ephx2,-1.160051666,7.087498946,-4.339318052,0.00048136,0.035452696,-0.699875736
Erc2,-1.732266949,4.460704361,-9.711141536,3.30E-08,0.000130004,9.162283896
Ergic1,-1.382527719,7.117455313,-8.938660454,1.05E-07,0.000226847,7.899018169
Erich4,-1.539808514,5.401852633,-7.279957162,1.59E-06,0.001169711,5.17807891
Esm1,-1.689368199,3.490196548,-4.024405668,0.000938095,0.054791833,-1.188738899
Esr1,-1.105860866,3.598095128,-3.766210772,0.001626655,0.076773849,-1.737599711
Etv1,-1.937053327,5.2567034,-5.680100791,3.11E-05,0.006830647,2.168258565
Extl1,1.375973706,3.22756118,3.326959431,0.004153916,0.134165278,-2.559273088
Fabp1,1.901019814,2.590178506,3.066744361,0.00721385,0.185953207,-3.140178686
Fads2,-1.14275766,2.9957103,-4.712466214,0.000220378,0.021242666,0.314291058
Fads3,-1.170256725,4.945875946,-6.353956076,8.53E-06,0.003076744,3.488890388
Fam151a,-1.682556726,8.335033499,-4.794716044,0.00018583,0.019058622,0.225541058
Fam171b,1.069385848,1.265826957,3.668444589,0.002004363,0.085937576,-1.788570096
Fam212b,1.458437804,1.526547478,5.72449972,2.85E-05,0.006633883,2.458827744
Fam25c,2.44644431,4.944762843,3.531184206,0.002687202,0.102649691,-2.274667522
Far1,-1.000120805,5.749695773,-6.036059655,1.56E-05,0.004467315,2.799463553
Fbln7,-1.985255357,5.519621286,-4.326684611,0.00049436,0.036020011,-0.628974621
Fbp2,1.047823628,4.315277621,3.215133374,0.005268829,0.154930748,-2.916197245
Fbxl16,1.189543602,-0.080334312,2.955855415,0.009111227,0.212578919,-3.246347246
Fbxl2,-1.605204115,1.385726964,-5.701999876,2.98E-05,0.006787065,2.413386102
Fbxl21,-1.113462373,1.274875006,-4.185509715,0.000666323,0.043496912,-0.68750927
Fbxo2,2.294068135,4.547848459,4.383599485,0.000438476,0.033351939,-0.438744451
Fcamr,-1.282093263,-0.395629827,-4.791562829,0.000187047,0.019070785,0.250428148
Fga,1.593299845,3.869874503,2.788187725,0.012933701,0.265196233,-3.809204401
Fgfbp1,1.425293019,1.548150703,2.963980021,0.008957069,0.211298158,-3.268060344
Fgfr3,-1.015090146,5.546794739,-3.088469578,0.006890299,0.181115949,-3.23371582
Fgg,1.400929784,1.589200094,4.855163807,0.000164015,0.017630139,0.661619832
Fhit,1.63006244,2.848368023,5.227233907,7.67E-05,0.010889712,1.334753624
Fkbp1b,-1.555264649,0.665508997,-6.435503089,7.32E-06,0.00291252,3.821908084
Fmo5,-2.031750983,6.430281546,-6.087127887,1.41E-05,0.004190068,2.901176363
Folh1,1.03305983,1.737100657,3.149747979,0.006052456,0.167273496,-2.900101134
Foxred2,-1.268091556,3.237455546,-4.091690626,0.000813073,0.050127898,-1.035327755
Fras1,-1.593687705,3.960907553,-7.80349012,6.50E-07,0.000577406,6.143869222
Frs3,-1.580544443,0.639894218,-3.660461792,0.002038834,0.086851132,-1.80671589
Frzb,-1.361867644,7.178555622,-6.559859481,5.82E-06,0.002492538,3.789731122
Fut9,-1.115614253,8.165838038,-5.279504589,6.90E-05,0.010302218,1.181014395
Gabrb3,-1.690416517,3.572347797,-4.255057123,0.000575107,0.039634734,-0.695072754
Gadd45b,1.153342271,2.725403329,2.846054727,0.011465557,0.247232072,-3.604825903
Galnt1,-1.059968391,7.270285909,-4.960633012,0.000132024,0.015401615,0.580027189
Galnt14,-1.437252798,6.008631566,-5.063808995,0.000106901,0.013295002,0.881991583
Gas2,-1.295127313,5.721053993,-5.654615492,3.27E-05,0.006967803,2.064884566
Gatm,-1.181522119,6.003293626,-4.207603394,0.000635857,0.042015098,-0.970890801
Gatm,-1.181522119,6.003293626,-4.207603394,0.000635857,0.042015098,-0.970890801
Gc,4.91111194,3.391503898,8.433820941,2.31E-07,0.000325357,7.221368921
Gdf15,1.992290012,5.592974948,4.892994611,0.000151714,0.016879592,0.523298611
Gdpd2,1.501710409,0.084290022,4.850747929,0.000165516,0.017687697,0.612650608
Ggct,-1.533323764,5.380773154,-6.719933029,4.34E-06,0.00210841,4.185235036
Ggt1,-1.35866407,10.21345093,-3.553957113,0.002559649,0.099355699,-2.475438571
Ggt6,1.463666994,0.812701454,3.795980989,0.001526488,0.073325616,-1.514682726
Gins2,1.060178415,1.383620202,3.619168698,0.002226844,0.091266845,-1.878255391
Gja1,-1.003151664,1.807123407,-3.543135565,0.002619491,0.10122822,-2.111915353
Gjb3,1.017414991,-0.268779188,3.160658014,0.005914162,0.165032187,-2.967316656
Gldc,1.860834158,4.304002136,4.566867215,0.000298498,0.025478439,-0.114720144
Gm10169,1.627792621,8.187265298,6.445496752,7.19E-06,0.00291252,3.532454582
Gm10384,-1.124890526,-0.316948911,-3.750508477,0.001682119,0.078113841,-1.740481276
Gm10639,5.377917554,3.494600739,7.41545239,1.26E-06,0.000965147,5.513545736
Gm12454,-1.285439212,1.468469232,-3.350151151,0.003953743,0.13038832,-2.449169913
Gm12999,-1.08983235,0.479683257,-2.965567596,0.008927244,0.211058398,-3.289368554
Gm13528,-1.061059104,2.08136355,-2.680938087,0.016148151,0.265904983,-3.802895186
Gm15348,-2.528842127,1.222685189,-6.009883203,1.64E-05,0.004546915,3.008034968
Gm15354,-1.027338942,0.442897387,-3.112274036,0.006552108,0.175806088,-2.952218184
Gm15441,2.195641131,2.08233729,3.623674755,0.002205512,0.090719415,-1.909317301
Gm15542,-1.018566637,1.039012178,-2.82926423,0.011874067,0.252022551,-3.485251261
Gm15563,-2.194284837,-0.064607058,-7.698072769,7.77E-07,0.000646435,5.944505221
Gm15968,-1.318181788,1.345224571,-2.645744087,0.017361027,0.265904983,-3.853992795
Gm15972,-1.013885377,1.202437438,-2.651599783,0.017153345,0.265904983,-3.886684022
Gm16010,1.117710982,2.414930487,2.728928169,0.014624681,0.265904983,-3.774449607
Gm16046,-1.218014851,0.951688372,-4.066285362,0.000858168,0.05172914,-0.933730251
Gm16096,-1.057137877,2.220989857,-3.114863705,0.006516313,0.175500048,-3.001365108
Gm16379,1.06989768,1.51002527,3.613037873,0.002256198,0.092207976,-1.888655406
Gm16685,1.525748777,3.406541313,3.178186607,0.005698452,0.162490915,-2.939909912
Gm16793,-1.049100177,0.644710803,-3.818686978,0.001454272,0.071605134,-1.444790262
Gm16838,2.052639315,-0.081680276,5.357811326,5.90E-05,0.009281613,1.664385422
Gm17115,1.009638562,0.784241882,2.619457199,0.018323355,0.265904983,-3.926208075
Gm17767,1.115090941,3.909265158,3.511165846,0.002804547,0.104728914,-2.294246356
Gm19503,-1.301837965,0.775012377,-3.938469316,0.001126439,0.061323604,-1.198409613
Gm20400,-1.246412806,3.624205138,-2.210298005,0.041621882,0.412879908,-4.881533275
Gm2115,1.226023529,0.96722331,3.975175361,0.001041722,0.058475695,-1.130195725
Gm22063,1.069731486,0.104239597,3.690434984,0.00191239,0.084371311,-1.752426249
Gm22442,-1.042537981,0.285085573,-3.611322831,0.002264479,0.092459086,-2.034634258
Gm23442,1.035172728,1.49729505,3.495460434,0.002900172,0.106553019,-2.128532324
Gm23622,-1.429359274,0.490649615,-3.169028111,0.005810174,0.163648376,-2.83450506
Gm24233,-1.106363779,0.724101518,-3.283046305,0.004560801,0.143244903,-2.586169678
Gm26697,-1.069581012,0.330988961,-2.956931055,0.00909067,0.212442867,-3.234614245
Gm26707,1.10174817,0.113488125,3.413401944,0.003455109,0.119403305,-2.323881303
Gm26821,-1.011687773,0.102662848,-2.157039631,0.046166725,0.438433568,-4.763986506
Gm26870,1.088538125,0.222587983,3.341844449,0.004024317,0.131879378,-2.497203278
Gm29216,1.146252715,7.230332926,5.441932277,4.98E-05,0.008595206,1.566391811
Gm3448,1.330901375,0.534278788,3.58464704,0.002397254,0.095536957,-1.980514686
Gm3448,1.330901375,0.534278788,3.58464704,0.002397254,0.095536957,-1.980514686
Gm4208,-3.023068169,1.728894347,-6.164622844,1.22E-05,0.003743092,3.298360887
Gm4691,1.170024543,4.68218337,2.581769208,0.019792413,0.265904983,-4.182154098
Gm5096,2.922441215,1.762728574,6.285955267,9.69E-06,0.003267772,3.501116697
Gm5228,1.143252903,-0.250397986,3.456807174,0.003149566,0.113029199,-2.287597043
Gm5424,-1.691697242,7.561046385,-6.053076669,1.51E-05,0.004382029,2.808461632
Gm5662,-1.05190421,-0.557258711,-4.610007808,0.000272778,0.024044456,0.097963771
Gm5844,-1.123703675,3.575375343,-3.810720058,0.001479211,0.072257641,-1.624500653
Gm6654,1.395701327,2.608337304,2.387908904,0.029293264,0.337094513,-4.450581132
Gm7027,1.360566148,0.9278089,2.963202237,0.008971716,0.211373225,-3.245409791
Gm8355,-1.065301176,3.895507967,-3.785532472,0.001560918,0.074483493,-1.680744488
Gm853,-2.891696236,5.005454662,-8.213611186,3.30E-07,0.000396884,6.816717739
Gm8606,1.26418596,1.214021612,5.020126446,0.000116877,0.014169319,1.018907886
Gm9905,1.060082419,0.352042696,2.435502843,0.02662568,0.31719225,-4.258035367
Gnrh1,-1.113373675,2.567304849,-3.374737549,0.003751962,0.125977425,-2.421615383
Golm1,1.567831432,2.505895571,6.03948075,1.55E-05,0.004467315,2.979370915
Gpld1,1.020459025,1.36223961,3.318305077,0.004231156,0.135849001,-2.502743754
Gpm6a,-1.163787051,7.515633161,-4.707872889,0.000222491,0.021351224,0.055920835
Grem1,1.950223703,0.359903415,7.894404983,5.58E-07,0.00054932,6.334481971
Grin2c,-1.3747042,0.610872074,-3.770530331,0.001611722,0.076152084,-1.588167899
Gsap,-1.163779435,2.364218607,-4.659387433,0.000246098,0.022623968,0.235849388
Gsdmc4,-1.032394951,-0.246423828,-3.168909541,0.005811635,0.163648376,-3.190863119
Gss,-1.021644936,7.920047984,-5.90581398,2.00E-05,0.005069682,2.506367538
Gsta1,1.932193147,0.210387777,4.576377907,0.000292623,0.025282772,-0.006750713
Gsta2,4.047805891,5.73212707,8.483584422,2.14E-07,0.000319015,7.228295937
Gsta3,2.238396294,5.599324256,6.500727643,6.49E-06,0.002749388,3.717526681
Gstm1,1.150551893,9.847464757,4.276370944,0.00054977,0.038315687,-0.976598151
Gstm6,1.340243659,1.981288529,5.120658973,9.52E-05,0.01239874,1.205765548
Gsto1,1.680711322,5.129044827,7.977197385,4.87E-07,0.000494657,6.391881497
Gtf3c6,-1.034594554,5.636730574,-4.741832073,0.000207346,0.020441785,0.228275657
Guk1,1.160734511,6.794010054,4.61855577,0.000267956,0.023813453,-0.123060692
Gusb,-2.003338621,4.664080599,-5.797977824,2.47E-05,0.005971369,2.427908556
Hacl1,1.419467045,2.804594489,2.738296791,0.01434385,0.265904983,-3.854587512
Hapln1,-2.499954523,0.227425485,-7.207635825,1.81E-06,0.001260323,5.184628504
Hdc,-2.534817479,6.377274797,-7.166695531,1.95E-06,0.001295348,4.956485815
Hdhd3,-1.159074244,5.369130969,-3.525821724,0.002718148,0.103284844,-2.322318786
Hebp2,1.018972193,1.866552093,3.85536494,0.001344799,0.068313284,-1.435574149
Henmt1,-1.172853454,0.066116406,-2.76270667,0.013636329,0.265904983,-3.685468535
Herc4,-1.003114884,5.770324864,-5.053947111,0.000109074,0.013373128,0.823570172
Hexdc,-1.314323176,1.963373907,-4.478811016,0.00035895,0.029201822,-0.119324175
Hfe,1.446910267,3.802256594,6.59592638,5.44E-06,0.002396654,3.988405367
Hhip,-1.17004633,-0.46150048,-5.358367839,5.89E-05,0.009281613,1.385674194
Hif3a,1.147133342,0.659874173,2.4320496,0.026811256,0.318624177,-4.280390629
Hist2h3c2,-1.125797793,2.819199319,-4.501570919,0.00034222,0.028153506,-0.103034713
Hist3h2ba,1.349574676,2.734171305,2.476378283,0.024519211,0.300535668,-4.267729331
Hjurp,1.141776774,4.522733014,6.029158711,1.58E-05,0.004497052,2.898904058
Hjurp,1.141776774,4.522733014,6.029158711,1.58E-05,0.004497052,2.898904058
Hk1os,1.001330331,0.407893982,3.375086204,0.003749175,0.125977425,-2.380247403
Hmcn2,-1.183809259,3.11133186,-4.848367904,0.00016633,0.017730992,0.588296456
Hmgcs2,5.559754343,4.174273595,6.437783524,7.29E-06,0.00291252,3.689872739
Hnf1b,-1.000958153,5.534580221,-2.480879668,0.02429712,0.298829027,-4.465307542
Hnf4aos,-1.27583528,4.025537654,-3.871551059,0.001299161,0.066699524,-1.518290825
Hoga1,-1.225904972,5.737036774,-3.133802168,0.006260318,0.171442098,-3.208231979
Hrg,-1.209639814,-0.196111423,-4.615071511,0.000269911,0.023889064,0.189182021
Hrk,2.500978525,1.866090315,4.68185581,0.000234855,0.022048897,0.305139359
Hs6st2,-1.263047087,1.628713843,-2.881893096,0.01063867,0.236730912,-3.438793682
Hsd11b1,-1.015127047,6.052456631,-3.809824447,0.001482042,0.072279101,-1.842304162
Hsd17b11,-1.753000822,8.180725687,-9.838705898,2.75E-08,0.000130004,9.229631597
Hsd3b1,1.058521841,-0.342900651,3.818786935,0.001453962,0.071605134,-1.601124831
Hsf2bp,-1.774126385,4.349982652,-4.376562959,0.000445022,0.033606715,-0.497446242
Hsp90aa1,-1.058358536,5.338480329,-3.438238233,0.003276846,0.115490153,-2.541807948
Hsph1,-1.104599369,6.614336779,-4.007554902,0.000972339,0.055961188,-1.370223632
Htra1,-1.261693087,6.537692857,-5.284506436,6.83E-05,0.010269754,1.293954475
Hykk,-1.792929895,6.863666125,-3.378058296,0.003725503,0.125441429,-2.764143995
Idi1,-1.810839539,1.077699127,-6.615609706,5.25E-06,0.002366183,4.139977369
Ifi27,1.668147108,6.377047619,4.998443491,0.00012218,0.014689151,0.738647751
Ifi27l2a,1.890465131,4.451084671,4.316543736,0.000505052,0.036624034,-0.585443477
Ifih1,1.417738996,2.517312934,5.686555518,3.07E-05,0.006794465,2.331556508
Ifit1,3.038313669,3.871506665,5.643746428,3.34E-05,0.007019308,2.159092928
Ifit3,1.419408025,4.560487621,2.967304016,0.008894734,0.210708307,-3.447317442
Ifitm3,1.074304521,8.035195506,5.916174721,1.96E-05,0.005027905,2.511141796
Ifitm7,-1.527832519,0.398697228,-2.763401731,0.013616683,0.265904983,-3.657240466
Ifrd2,-1.224781292,4.751283477,-6.703349559,4.47E-06,0.002133536,4.156871491
Igf2,1.221632402,0.774997061,2.773181134,0.013343153,0.265904983,-3.625707051
Il17rb,1.094403643,4.297321671,3.170708892,0.005789511,0.163614843,-3.015660435
Il1rn,1.48261896,0.554135287,3.426088142,0.003362882,0.117470163,-2.321904053
Il33,1.254188324,2.476735768,4.08612475,0.000822743,0.050487645,-1.017969944
Il34,-1.606697126,7.055872388,-3.980879402,0.001029147,0.057921284,-1.444575026
Inmt,-2.814887787,7.324428285,-4.563335299,0.00030071,0.025569241,-0.261121428
Insl6,1.060236959,2.419538274,2.975852737,0.008736356,0.208472954,-3.345702195
Irf5,-1.590806112,1.672555039,-3.467145348,0.003080846,0.111208515,-2.228972539
Irf7,2.489842186,5.394899793,9.170483057,7.36E-08,0.000185259,8.342306525
Irf9,1.11620226,5.560478128,3.249554808,0.004897375,0.148638423,-2.939656315
Isg15,1.814783188,2.022347896,4.749074785,0.000204255,0.0203222,0.456483502
Isoc2b,-1.206670751,4.268430006,-3.85435669,0.001347695,0.068380118,-1.57312549
Itih2,-1.028936504,-0.199364466,-2.91005833,0.010029727,0.22774743,-3.416762876
Itpka,1.136313106,0.232886852,4.129712031,0.000750017,0.047387955,-0.807934688
Kap,-3.103296084,13.97065355,-5.05400307,0.000109061,0.013373128,0.517961729
Kcne4,-1.13165869,1.357305255,-2.690596732,0.01582977,0.265904983,-3.792889739
Kcng1,-1.83143871,0.949647803,-4.252411146,0.000578334,0.039793763,-0.567034655
Kcnip2,2.744349019,1.519092672,6.408240865,7.71E-06,0.00291252,3.73798308
Kcnk5,-1.299800793,7.197623688,-3.623749089,0.002205162,0.090719415,-2.208237943
Khdrbs2,-1.779185368,0.174824379,-4.803713054,0.000182404,0.018751647,0.56482637
Khdrbs3,-1.17293871,3.818067519,-6.164737717,1.22E-05,0.003743092,3.155396704
Kif12,-1.19707419,6.25650096,-4.013417035,0.000960285,0.055554663,-1.336770069
Klhdc1,1.138288231,3.431725125,4.088158769,0.000819196,0.050433548,-1.100649483
Klhl30,1.13179355,0.413667575,3.051945482,0.007442721,0.189706111,-3.071978557
Klrg2,1.074718312,0.922951944,2.655865682,0.017003547,0.265904983,-3.841838531
Kng1,1.034675025,2.792844006,2.411219205,0.027956784,0.32719568,-4.369456293
Krt10,-1.083168074,1.298955781,-4.181202578,0.000672432,0.043694848,-0.738924394
Krt15,-1.498952929,0.495149099,-3.001258377,0.008281741,0.201639264,-3.165496374
Krt20,1.646840611,0.331864578,4.272213817,0.000554621,0.038514536,-0.612054782
Krt5,-1.18537812,-0.216826576,-3.900965907,0.001220175,0.064011118,-1.48381848
Kynu,3.437250374,2.81224313,8.804310471,1.29E-07,0.000253851,7.827809863
Lacc1,-1.244698522,1.935262721,-4.135694718,0.000740556,0.046995991,-0.832199925
Lactb2,-1.155835131,7.409575369,-3.426867846,0.003357294,0.117464582,-2.692107435
Lbr,-1.389455807,4.92308142,-5.313078195,6.45E-05,0.009832438,1.445691507
Lcn2,2.435122593,2.785807627,2.815098239,0.012229649,0.256443418,-3.583390484
Ldhd,-1.426369316,8.879751607,-8.692743678,1.54E-07,0.000265891,7.442238691
Ldlr,-1.620216697,4.33840275,-5.843629707,2.26E-05,0.005588612,2.517802872
Lgals3bp,2.03605424,8.294181174,9.52059198,4.37E-08,0.000145345,8.784302195
Lgals9,1.201051757,3.664085911,3.521416928,0.002743833,0.103805241,-2.277400802
Lin7a,-1.068558429,2.650599713,-5.768570743,2.62E-05,0.006254123,2.49491279
Lipo1,-2.753569546,4.971237524,-9.303924547,6.02E-08,0.000185259,8.506256997
Lipo1,-2.753569546,4.971237524,-9.303924547,6.02E-08,0.000185259,8.506256997
Lipo2,-3.363566791,0.685130284,-7.792850892,6.62E-07,0.000577406,6.220745978
Lipo4,-1.058308888,-0.641905566,-5.241665728,7.45E-05,0.010807599,1.177444638
Lmbrd2,-1.106036714,4.441236482,-6.984548286,2.69E-06,0.001593873,4.679762624
Lmbrd2,-1.106036714,4.441236482,-6.984548286,2.69E-06,0.001593873,4.679762624
Lrfn3,1.098566465,1.61140606,3.520157123,0.002751223,0.103818987,-2.092154226
Lrg1,1.279838084,5.120022,2.413791689,0.02781286,0.326466015,-4.58070377
Lrrc23,-1.10946718,0.448326417,-3.17897546,0.005688929,0.162484483,-2.860876834
Lrrc32,1.008120655,4.372100909,4.329251079,0.00049169,0.035885929,-0.604728178
Ltc4s,1.850768177,3.338609629,8.429482489,2.33E-07,0.000325357,7.237838635
Lypla1,-1.328312018,8.600746603,-5.193351,8.22E-05,0.011323506,1.003620512
Lyplal1,1.279122857,5.759546225,6.401514806,7.80E-06,0.00291252,3.513576622
Lztr1,-1.068784671,6.089204727,-4.715303773,0.000219083,0.021206693,0.143214361
Mab21l3,1.018050092,0.172568655,2.409277009,0.028065909,0.328206581,-4.30251027
Macrod2,-2.529435812,7.220055362,-5.685833157,3.08E-05,0.006794465,2.074830401
Maff,1.243462236,1.462233447,2.957806326,0.009073976,0.212232544,-3.275522284
Maoa,1.061924775,3.32838962,2.149350839,0.046859372,0.441959273,-4.952755661
Maob,2.347249702,2.964245246,4.888469973,0.000153134,0.016950436,0.652703187
Map3k14,-1.054038383,3.448575807,-6.016119586,1.62E-05,0.004521766,2.945195504
Mapk13,1.615406265,5.108905,4.093723389,0.00080957,0.050069647,-1.098491107
Mas1,-1.319644113,0.955009766,-3.32976428,0.004129183,0.133765747,-2.47408904
Mat2a,-1.083628876,8.324035107,-5.718823742,2.88E-05,0.006672193,2.092958356
Mat2a,-1.083628876,8.324035107,-5.718823742,2.88E-05,0.006672193,2.092958356
Mcm10,-1.709104185,2.468634563,-5.29718139,6.66E-05,0.010045854,1.542955274
Mcm6,1.17500676,1.880333229,3.003785001,0.008237813,0.20122788,-3.192449721
Mdk,-2.031559204,7.22525858,-3.531339393,0.002686312,0.102649691,-2.420548378
Me1,-1.732808647,5.650101938,-6.33519709,8.84E-06,0.003088471,3.379574045
Med14,-1.064957059,5.160197418,-5.675169122,3.14E-05,0.006830647,2.11730879
Mep1b,-2.29613492,3.963745212,-4.224280759,0.000613798,0.041186325,-0.786296691
Met,-1.582719968,6.262368547,-6.598908522,5.41E-06,0.002396654,3.860096273
Mfsd2a,-2.840498266,3.185836826,-6.591933633,5.48E-06,0.002396654,4.017015844
Mgl2,-1.630681622,0.265987954,-5.64631331,3.32E-05,0.007017986,2.220446993
Mgmt,1.32846724,4.301721692,5.182586891,8.40E-05,0.011435456,1.224383906
Mgst1,1.963015121,4.545903682,5.13116398,9.32E-05,0.012260469,1.033104993
Mgst3,1.010309679,6.26996385,4.513173412,0.000333999,0.027692502,-0.323180594
Mif,1.650752469,9.800646486,8.848430468,1.20E-07,0.000248339,7.663397246
Miox,-1.224604912,9.334940176,-2.939636744,0.009426732,0.218175301,-3.74881234
Mlec,-1.016195133,7.587673962,-5.95878319,1.81E-05,0.004780414,2.617676497
Mn1,-1.028503767,1.681950328,-3.058969912,0.007333213,0.187955082,-3.084330726
Mpped1,-2.405352767,3.074181596,-4.651742023,0.000250047,0.022623968,0.168837107
Mpv17l,-1.644346235,7.390242037,-4.791088958,0.00018723,0.019070785,0.231046381
Mrap2,-1.387746752,3.512088897,-3.269216174,0.004696925,0.14530587,-2.747543399
Msantd3,-1.368316569,1.939577352,-3.968745321,0.001056084,0.058977193,-1.203339747
Mt1,1.836771017,8.878200442,9.171282138,7.35E-08,0.000185259,8.198747505
Mt2,1.094581226,6.364184645,3.923472245,0.001163019,0.062684283,-1.578913187
Mthfd2,1.627760912,3.0808601,3.960728928,0.00107427,0.059455735,-1.254313346
Mtmr7,-2.126114687,1.048969526,-6.957039445,2.82E-06,0.001608231,4.782877876
Muc13,1.846999268,0.328490262,4.672725524,0.000239359,0.022278421,0.218788595
Mustn1,1.040712822,2.298573286,4.824547342,0.000174716,0.01839827,0.566187087
Mvd,-1.147978432,8.422312907,-3.227193478,0.005135626,0.152448483,-3.079651258
Mx2,1.184366592,1.975870399,2.581459791,0.019804926,0.265904983,-4.016389319
Myl6b,-1.205682787,3.12311788,-2.413132971,0.027849647,0.32663127,-4.395125852
Myo5a,-1.292192659,2.920010611,-4.86538493,0.000160594,0.017419783,0.621027858
Myo5c,1.07471949,1.989321876,6.674272922,4.71E-06,0.00218012,4.228738792
Myom3,-1.839693513,0.262382518,-6.137592549,1.28E-05,0.003885439,3.246907112
Naip2,-1.049715986,0.634996546,-3.304109955,0.004360937,0.139034409,-2.522209291
Nepn,-1.456674552,2.568158531,-5.393392321,5.49E-05,0.008913045,1.694955617
Neurog2,-1.579159079,0.090878355,-3.629125386,0.002179982,0.090258821,-1.863374316
Nfil3,2.135189669,2.674076318,3.77904212,0.001582697,0.075273751,-1.646327463
Nlrc4,-1.845165971,0.72277078,-6.089024309,1.41E-05,0.004190068,3.169758433
Nlrp4b,2.261216216,1.058090809,2.748623357,0.014040321,0.265904983,-3.794919128
Nol3,1.135710236,4.772294783,2.67390032,0.016383999,0.265904983,-4.06189208
Notum,-1.313882989,1.199831843,-3.570981484,0.002468255,0.097380181,-2.022940086
Npl,1.483014676,3.095748933,4.472420772,0.000363796,0.029265952,-0.200559059
Npnt,1.129366036,7.113432787,3.73839681,0.001726192,0.079393846,-2.027542388
Npr3,-1.331000197,3.283523344,-5.708012611,2.94E-05,0.006778852,2.299686206
Nr1i3,1.094965324,-0.044696723,3.519716716,0.002753811,0.103818987,-2.183471226
Nrg1,1.633008754,1.092532844,4.850851206,0.00016548,0.017687697,0.668217764
Ntng1,-2.404344963,2.023377832,-5.042666789,0.000111615,0.013607625,1.07504505
Nudt12,-1.054430254,4.538655573,-3.330177302,0.004125553,0.133765747,-2.723402976
Nudt19,-1.740164608,8.203085232,-5.738411064,2.77E-05,0.006490531,2.144631721
Nwd2,-1.67094615,0.615708257,-5.006222117,0.00012025,0.014537433,1.022734311
Nxph4,-1.069014625,0.987309046,-2.272429696,0.036844295,0.385919918,-4.548896505
Oas1b,1.068440392,2.4610136,2.848285405,0.01141232,0.246469668,-3.513828642
Oas1c,1.365544679,3.304479838,6.411927645,7.65E-06,0.00291252,3.720740138
Oasl1,1.501875199,2.234657348,3.870552625,0.001301931,0.066762517,-1.374158591
Oasl2,1.379372736,1.861662032,3.32447095,0.004175982,0.134676961,-2.526984746
Odc1,-1.938693261,6.719013845,-4.370263664,0.000450966,0.033713808,-0.613241869
Ophn1,-1.17277023,3.26113697,-2.58547827,0.019642994,0.265904983,-4.107783762
Osbpl3,-1.133638301,6.421747102,-8.745112486,1.42E-07,0.000265891,7.621403446
Oxct1,-1.281052892,10.17723542,-5.482433732,4.60E-05,0.008595206,1.540472616
Pappa,1.225520918,4.188408,5.495715493,4.48E-05,0.008595206,1.858818697
Paqr7,-1.137862119,7.787857822,-3.508166051,0.002822566,0.104838369,-2.464274866
Pcdh17,-1.045452821,4.534107305,-3.00287812,0.008253554,0.201247213,-3.394816158
Pced1b,1.040802439,1.859715969,3.974576797,0.001043051,0.058475695,-1.204314783
Pcsk2os1,-2.245607902,-0.274964637,-7.971286307,4.91E-07,0.000494657,6.271361588
Pcyox1l,-1.216534205,4.367811794,-3.560751458,0.002522776,0.098721285,-2.194489957
Pde11a,-1.127029148,2.307802412,-2.911378965,0.010002022,0.22759596,-3.356365316
Pde3b,1.034149654,3.123122455,5.162024694,8.75E-05,0.011802728,1.186107995
Pde6a,-2.635968135,3.904777658,-9.827986013,2.79E-08,0.000130004,9.351148851
Pdk1,1.26034775,4.681901791,6.259783531,1.02E-05,0.003333527,3.290074316
Pdss1,-1.234167435,3.785252392,-5.035423116,0.000113279,0.013771694,0.900684259
Pdzd2,-1.006996856,5.035027581,-4.943556668,0.000136733,0.015865467,0.681858313
Pdzrn3,-1.466729658,4.010461982,-4.81196729,0.000179317,0.018606518,0.426065432
Pecr,-1.426779055,10.72456578,-5.936162136,1.89E-05,0.004895369,2.451374994
Pepd,-1.158548662,7.392915701,-3.833803938,0.001408107,0.069808564,-1.810147456
Pex5l,-1.038174407,-0.263041197,-2.725795473,0.014719761,0.265904983,-3.745225066
Phf11a,1.233801914,0.796156334,3.008543829,0.008155691,0.199987712,-3.14037831
Phf11d,1.92136143,2.690483325,4.384289017,0.00043784,0.033351939,-0.399334918
Phlda3,2.147082871,4.07248089,5.455471891,4.85E-05,0.008595206,1.829794985
Phlpp2,-1.029225721,2.503147769,-3.231048774,0.005093749,0.151957005,-2.777292182
Pi4ka,-1.398045214,7.066716708,-9.783419334,2.98E-08,0.000130004,9.190709365
Pkm,1.41222208,7.839836315,8.603374479,1.77E-07,0.000273241,7.346288368
Pla2g16,1.012013934,4.932575358,2.66558639,0.016666872,0.265904983,-4.100293309
Pla2g2e,1.030125435,-0.631224519,3.759253027,0.001651001,0.077249,-1.774372264
Plch1,1.170143468,-0.059329362,10.44105064,1.18E-08,0.000108178,10.24068568
Plekha8,-1.144102107,4.756058945,-3.916740571,0.001179826,0.063063214,-1.488143222
Plekhn1,-1.084470106,0.275785025,-5.131419602,9.32E-05,0.012260469,1.070921325
Plekhn1,-1.084470106,0.275785025,-5.131419602,9.32E-05,0.012260469,1.070921325
Plin2,1.313462946,6.468291364,3.8443002,0.001376922,0.069053517,-1.706046014
Plin4,1.86473032,1.847998503,3.025134838,0.007875593,0.195846946,-3.17775109
Plk5,-1.215757222,0.86873539,-3.521416438,0.002743835,0.103805241,-2.073332103
Pllp,-1.28382677,4.617015382,-3.5726148,0.002459659,0.097354334,-2.199228515
Pmpcb,-1.024296074,3.608122743,-3.027732778,0.007832593,0.195220986,-3.301488578
Pnpla3,-1.322567715,0.653142916,-3.585183019,0.002394511,0.095515601,-1.990967953
Podn,-1.417266577,4.896744081,-4.504793366,0.000339916,0.02807553,-0.222962846
Pole4,-1.018325229,5.021363818,-5.417191732,5.24E-05,0.008750773,1.630850508
Pop1,1.081195812,3.513325242,3.835638485,0.001402606,0.069808564,-1.624269149
Ppcs,-1.040650272,6.402542,-3.739070738,0.00172371,0.079364006,-1.910611274
Ppic,-1.642080309,5.546591778,-4.908556664,0.000146932,0.016627287,0.52390332
Ppt2,-1.033807554,5.971768451,-3.102513339,0.006688762,0.177833433,-3.264012422
Prap1,1.353238564,0.152018497,4.616576046,0.000269065,0.023863,0.190415269
Prkar2b,-1.650291844,0.659733318,-3.45144043,0.003185839,0.113627714,-2.239499431
Proc,-1.119221481,6.710025609,-4.470256037,0.000365452,0.029290326,-0.411447547
Proca1,-1.157648311,1.571433185,-2.543864977,0.021382753,0.274857608,-4.048048731
Psrc1,2.261836072,0.735259445,7.837602421,6.14E-07,0.000577406,6.295745757
Ptgfr,1.315250583,4.285480755,6.345558043,8.67E-06,0.003088471,3.499871359
Ptpn22,-1.328600433,0.565831962,-4.635666167,0.000258565,0.02307358,0.260175885
Ptpn5,-1.128065817,-0.114381254,-2.764249214,0.013592767,0.265904983,-3.720681635
Ptprv,1.409581242,0.763519854,4.929856803,0.000140636,0.016102435,0.858308755
Pvr,1.127055892,3.064194936,4.041284131,0.000905015,0.053291242,-1.128845675
Pxdc1,1.186755014,1.172564227,4.125443045,0.000756843,0.047749523,-0.870977852
Pzp,-2.942067779,2.695930616,-6.757840245,4.05E-06,0.002012964,4.348853209
Rab27b,-1.13038219,0.769546676,-4.216967971,0.000623373,0.041469931,-0.607589167
Rab30,1.442283007,0.924459641,3.282532908,0.004565784,0.143297411,-2.587696822
Rab32,-1.231026952,2.607384939,-5.203000113,8.06E-05,0.011175626,1.325633163
Rab38,-1.007990239,2.959529597,-4.014168883,0.00095875,0.055548453,-1.216970023
Ramp3,-1.186542393,7.015181869,-3.931487504,0.001143322,0.061853728,-1.564672561
Rasa3,1.39870873,3.128050642,5.704020765,2.97E-05,0.006787065,2.288568244
Rasd2,1.291493191,3.04420158,4.704680624,0.000223971,0.021351283,0.274874083
Rasl10b,1.149893161,0.917054252,3.798437133,0.001518505,0.073267456,-1.50680003
Rcn1,1.291273433,4.538413865,4.070787132,0.000849997,0.051668354,-1.146518144
Rdh10,-1.01782864,4.578229927,-5.744006831,2.74E-05,0.006490272,2.286384323
Reep6,2.314453294,6.871728976,9.721483396,3.25E-08,0.000130004,9.11664704
Ren1,1.924898279,8.45719918,8.292551298,2.90E-07,0.000359169,6.791266983
Ren1,1.924898279,8.45719918,8.292551298,2.90E-07,0.000359169,6.791266983
Retsat,1.083255737,7.374445437,3.726251651,0.001771551,0.080793173,-2.033436666
Rgs14,-1.143227066,3.298483451,-2.972673841,0.008794926,0.209316325,-3.379485463
Rgs2,1.046083361,6.427051692,5.385127035,5.58E-05,0.008983494,1.515286805
Rhov,-1.64158559,2.902010614,-3.717211011,0.001806089,0.081485696,-1.76738702
Rims2,-1.136716355,1.12303183,-3.21508558,0.005269364,0.154930748,-2.706509925
Rnase6,-1.075375174,0.675786337,-2.779316628,0.013174257,0.265904983,-3.592164594
Rnf152,-1.088304806,6.578364813,-7.587477894,9.37E-07,0.000751259,5.670795266
Rnf24,-1.53537112,2.993906843,-5.212318343,7.91E-05,0.011145496,1.316340755
Ror1,-1.180296786,1.531923126,-4.460132356,0.000373302,0.029642581,-0.141310026
Rpl3l,-1.39465556,1.008821528,-3.916315524,0.001180896,0.063063214,-1.252411294
Rpn1,-1.068016552,7.338778377,-4.338578072,0.000482112,0.035452696,-0.717856044
Rpusd1,1.242218693,3.45556984,4.214749461,0.000626308,0.041510902,-0.757830239
Rtp4,1.42796918,4.822673693,2.98292656,0.008607385,0.206615431,-3.424505231
Runx1t1,-1.078632774,1.948534886,-3.655988311,0.002058411,0.087341184,-1.861491515
Rxrg,1.351705787,1.081476088,5.90618459,2.00E-05,0.005069682,2.819609536
S100a9,1.481117179,0.692105155,2.2979496,0.035033858,0.375313214,-4.538441672
S100g,1.459065911,9.247004254,5.063999495,0.000106859,0.013295002,0.71592299
Saa3,1.209965578,-0.386949501,4.061338982,0.000867238,0.052010363,-1.117551209
Sapcd1,1.049282946,1.01066286,3.508432738,0.00282096,0.104838369,-2.120789961
Scg5,2.099502936,5.033757763,6.092771698,1.40E-05,0.004190068,3.009033476
Scgb1c1,1.094908458,0.878333614,3.046414469,0.007530073,0.19132593,-3.057927405
Sdc2,-1.085459243,6.453091625,-4.485918985,0.000353638,0.028878193,-0.374273762
Sec14l3,-1.742900928,1.411271807,-4.375004714,0.000446485,0.033606715,-0.298473226
Sectm1a,-1.235423012,1.105562339,-3.024120079,0.007892451,0.195926902,-3.127732883
Selenbp2,-1.125059136,3.584886412,-5.453092399,4.87E-05,0.008595206,1.786792405
Serpina1f,1.134365045,5.67999587,3.966979385,0.001060063,0.059103153,-1.437427899
Serpinb6a,1.333653502,5.772243576,4.337278345,0.000483435,0.035462845,-0.631084795
Serpinf2,-2.031372278,6.273410763,-5.800767514,2.46E-05,0.005971369,2.351686678
Sesn2,1.12585593,5.807011251,3.453402373,0.00317253,0.113577497,-2.539919228
Sgk1,1.617048006,7.097556912,4.880759672,0.000155585,0.01713413,0.422126142
Sh3bp2,-1.735918437,3.24733804,-3.553976133,0.002559545,0.099355699,-2.168507775
Shisa4,1.482747172,4.943846179,4.739358186,0.000208413,0.020489057,0.294165565
Shroom2,1.22129709,4.276150889,5.661039203,3.23E-05,0.006967803,2.126678894
Slc11a1,-1.046916018,0.640892544,-3.363747822,0.003840861,0.128265794,-2.397284048
Slc12a6,-1.03263418,4.00567312,-5.180219659,8.44E-05,0.011446519,1.21179392
Slc17a3,-1.733169237,7.648472905,-5.566824731,3.89E-05,0.007916701,1.816888114
Slc17a4,-1.334603346,1.760962304,-3.080101568,0.007013203,0.182776358,-3.071400193
Slc18a1,-1.157007369,6.093878616,-5.882625219,2.10E-05,0.005241213,2.509866716
Slc22a12,-1.051298753,8.850645879,-3.192873756,0.005523686,0.160320627,-3.218598527
Slc22a19,-1.252853075,3.960640413,-3.506652449,0.002831702,0.104838369,-2.354210629
Slc22a2,-1.128784951,9.386043598,-4.096774611,0.00080434,0.04994525,-1.29371854
Slc22a22,-2.106623493,2.979848025,-3.644728168,0.002108522,0.088251887,-1.937185134
Slc22a26,-1.054280352,2.061276343,-2.823106924,0.012027376,0.253353853,-3.605073832
Slc22a28,-2.921774825,4.663329309,-7.022017587,2.51E-06,0.001545785,4.743580956
Slc22a30,-2.677957253,5.53740304,-7.017256154,2.54E-06,0.001545785,4.676280871
Slc22a7,-4.037058195,4.74277514,-6.375791647,8.19E-06,0.003003521,3.603772292
Slc25a19,-1.03717603,5.269267406,-6.279315117,9.82E-06,0.003267772,3.330640216
Slc30a2,-1.003320786,5.989215808,-6.265646217,1.01E-05,0.003327486,3.293092003
Slc34a3,-1.310076963,3.612834833,-3.362015193,0.003855066,0.128305455,-2.574965978
Slc36a1,-1.117990332,6.407620629,-4.292742049,0.00053108,0.037618919,-0.783878823
Slc38a3,1.692437698,5.292103738,5.458388979,4.82E-05,0.008595206,1.718951093
Slc39a5,-1.085861285,3.913407935,-2.854615509,0.011262548,0.244332378,-3.565061885
Slc41a2,-1.25627598,4.091343963,-6.973371639,2.74E-06,0.00159697,4.702228678
Slc51a,-2.355219059,6.779952599,-5.656892406,3.26E-05,0.006967803,2.069438773
Slc5a2,-1.243097277,8.052281611,-4.042866517,0.000901975,0.053257138,-1.380910237
Slc6a15,-1.475366752,-0.142782887,-3.85149399,0.001355951,0.068608245,-1.441357662
Slc7a11,1.008259723,0.288361958,2.752145628,0.013938213,0.265904983,-3.650933037
Slc7a12,1.28025809,0.946151015,2.537426735,0.021664684,0.2764291,-4.085302222
Slc7a13,-2.816091348,6.735719604,-3.724225205,0.001779234,0.081012198,-2.013019894
Slc7a7,1.021133822,7.197854136,4.912623307,0.000145708,0.016595343,0.487546798
Slc9a4,1.235769484,1.199675187,4.370688466,0.000450563,0.033713808,-0.327548638
Slc9a8,-1.136896134,6.31085835,-5.529517316,4.19E-05,0.008313115,1.805943373
Slco1a1,-3.776127887,6.679395701,-5.231212759,7.61E-05,0.010889712,1.169430483
Slco1a4,-1.472761953,1.196081205,-3.592942629,0.002355151,0.094689637,-1.935491414
Slco1a6,-1.107966545,6.918285837,-7.803191281,6.51E-07,0.000577406,6.022973574
Slco3a1,-1.172795409,6.534092526,-4.613863262,0.000270592,0.023900483,-0.107309348
Slco4c1,1.671767997,1.305097543,3.885900017,0.001260008,0.065221426,-1.349865656
Slitrk4,1.402506827,0.273961994,2.967841078,0.008884702,0.210585926,-3.311430519
Smcp,-1.169513064,0.393763048,-3.523106824,0.00273395,0.1036124,-2.071529184
Smoc1,-2.27262172,1.055687251,-4.903315335,0.000148525,0.016627287,0.790276325
Smpd2,-1.310848564,5.417851298,-4.180928491,0.000672823,0.043694848,-0.928741001
Smpdl3b,1.064611934,2.733016733,4.938279342,0.000138223,0.015910386,0.832289817
Snca,-1.048770067,0.551896664,-3.52739144,0.002709053,0.103053253,-2.074574537
Snhg1,1.173686244,4.642085954,3.731383191,0.001752242,0.080166005,-1.92597143
Snhg11,-2.629229172,4.101797304,-6.812936284,3.66E-06,0.001913263,4.403638108
Snx31,-2.069643884,3.950752212,-4.936257505,0.000138799,0.015934221,0.720107259
Sorcs1,-2.155864239,0.727398184,-6.701270021,4.49E-06,0.002133536,4.316382176
Sorcs3,-1.030814693,0.303232302,-3.195468097,0.005493369,0.159863706,-2.778674422
Spata2,-1.174559334,2.411393067,-5.238959852,7.49E-05,0.010807599,1.412680958
Spats2l,-1.438919429,2.793951059,-5.109607388,9.74E-05,0.012472133,1.115444427
Spp1,1.328702843,6.415566441,4.011846297,0.0009635,0.055600358,-1.387893217
St8sia1,-2.049073844,5.728071901,-5.316029777,6.41E-05,0.009823064,1.413173581
St8sia6,-1.222026367,4.386945665,-5.447783103,4.93E-05,0.008595206,1.715017397
Stbd1,-1.008952448,2.330294833,-2.709076412,0.015237339,0.265904983,-3.892569918
Stc1,1.533472074,5.228005603,4.750821861,0.000203516,0.020295373,0.250943407
Stk16,-1.181467317,4.789828335,-4.229284226,0.000607333,0.041013902,-0.801789554
Stxbp5l,-1.476619551,1.161332197,-5.433967948,5.06E-05,0.008595206,1.890226769
Sulf2,1.063002198,4.721570745,3.558254562,0.002536265,0.098824292,-2.239983192
Susd1,1.589380985,0.808105127,4.752537458,0.000202794,0.020270018,0.487326568
Suv39h1,1.01317414,4.399764633,6.46958533,6.87E-06,0.002860975,3.734625651
Sv2a,1.139250066,5.562661585,5.554764048,3.98E-05,0.008017641,1.894417705
Syna,1.11178741,0.592794215,2.957659907,0.009076766,0.212232544,-3.24260671
Sypl2,-1.337921376,6.266201991,-4.656536731,0.000247563,0.022623968,0.027497461
Sytl3,1.170093258,1.080658454,2.601409076,0.019013374,0.265904983,-3.957068006
Sytl3,1.170093258,1.080658454,2.601409076,0.019013374,0.265904983,-3.957068006
Sytl3,1.170093258,1.080658454,2.601409076,0.019013374,0.265904983,-3.957068006
Sytl4,-1.021907007,1.33199381,-3.054569879,0.007401622,0.18899244,-3.040353444
Tbx10,-2.658020207,3.118090641,-4.237368024,0.000597032,0.040820782,-0.666354925
Tcf19,1.054910326,1.758572584,4.434888492,0.000393631,0.030862962,-0.199714576
Tchhl1,2.329745277,3.311092311,5.919501584,1.95E-05,0.005025407,2.708780914
Tex15,1.325400225,1.319520187,4.905967608,0.000147716,0.016627287,0.784417949
Tgm1,-1.367570935,0.845313933,-3.628091414,0.002184802,0.090258821,-1.858769887
Them6,1.364578711,4.049014777,5.339758231,6.12E-05,0.009452374,1.531139494
Tlcd2,-1.009289346,2.804367814,-4.220657219,0.000618524,0.041375141,-0.700242986
Tm4sf5,-1.288369709,5.45466418,-3.895561669,0.001234315,0.064440489,-1.528892785
Tm6sf2,1.012052878,4.335199876,4.070035967,0.000851355,0.051678319,-1.154076786
Tmco3,-1.004857228,5.355966746,-3.165758172,0.005850583,0.164210922,-3.129316091
Tmem145,1.150594823,0.333825202,3.191644615,0.005538108,0.160434607,-2.784718165
Tmem151b,1.363511519,2.44410332,3.992303685,0.001004419,0.057123829,-1.128267711
Tmem158,-1.448226913,2.356077369,-2.869653391,0.010914349,0.240026934,-3.509642882
Tmem169,-1.254520323,1.901241531,-3.527483582,0.00270852,0.103053253,-2.118787726
Tmem174,-1.059820014,8.248556586,-5.099449681,9.94E-05,0.012580417,0.828887222
Tmem178,-1.224031022,7.286569965,-3.776402766,0.00159164,0.075450372,-1.908081626
Tmem2,-1.048766141,5.089276009,-4.432199356,0.000395862,0.03098176,-0.40124839
Tmem237,-1.69855871,4.133565783,-5.540539305,4.10E-05,0.008208678,1.884548323
Tmem30a,-1.019382369,6.767734884,-5.05747038,0.000108292,0.013373128,0.780091745
Tmem43,1.37829982,3.17734819,5.738893165,2.77E-05,0.006490531,2.381879699
Tmem45b,-1.223697143,0.839473315,-4.21577689,0.000624947,0.041484233,-0.623445674
Tmem52,1.509763372,3.516865512,4.70030405,0.000226018,0.021499,0.281862615
Tmem64,-1.364038749,6.348465908,-6.334445748,8.85E-06,0.003088471,3.372907222
Tmprss9,-1.412709093,1.059696783,-2.587734079,0.019552646,0.265904983,-3.968082919
Tmtc4,-1.400488878,3.765002471,-6.968357368,2.77E-06,0.00159697,4.674873775
Tnfrsf11a,-1.444443182,2.259057984,-6.792031981,3.80E-06,0.001959291,4.448055403
Tpk1,-1.384610172,4.42602191,-5.624867427,3.47E-05,0.007250158,2.035633146
Trabd2b,-1.498469351,5.388748059,-8.126787051,3.80E-07,0.000433238,6.637743755
Trem2,1.173098232,0.49059936,2.303425815,0.034656327,0.372930341,-4.505241311
Trf,1.65468593,4.017870827,2.49276636,0.023719768,0.293731493,-4.328694643
Trib3,1.51758326,1.926824279,3.568657668,0.002480535,0.09759779,-2.016645206
Trim16,1.262304077,1.66306171,6.360109685,8.43E-06,0.003067028,3.663383112
Trim63,-1.576057069,3.076173674,-4.390119604,0.000432498,0.033129793,-0.365298291
Trp53cor1,1.108632119,0.854596421,2.736304381,0.014403136,0.265904983,-3.692674013
Trps1,-1.441925364,5.604033045,-5.886638539,2.08E-05,0.005230849,2.534429913
Trpv5,1.29391899,3.602992902,3.400345534,0.003552649,0.121430268,-2.501137851
Tsga10,-1.100485468,4.522588751,-3.740234378,0.001719432,0.079335833,-1.856470743
Tsku,-1.178545567,2.952399163,-3.436098175,0.00329184,0.11573585,-2.374903623
Tspan13,-1.649421097,2.865914264,-6.812324035,3.67E-06,0.001913263,4.439350853
Ttbk1,-1.819018095,0.793361502,-4.473749713,0.000362783,0.029265952,-0.092542503
Ttr,-1.469373834,2.277575078,-5.369359352,5.76E-05,0.009237401,1.683852209
Tyw3,-1.653086345,4.099692881,-4.808041209,0.000180779,0.018662069,0.432221458
Ubiad1,-1.259675951,3.036591288,-3.996997271,0.000994434,0.056930013,-1.24133054
Ucp1,-1.476514301,-0.473512899,-4.177007409,0.000678437,0.04395625,-1.048011175
Ucp2,1.180389535,5.005865962,4.767410535,0.000196638,0.019791877,0.334753368
Uevld,-1.016731199,1.117108854,-4.380236572,0.000441592,0.033471301,-0.262297126
Ugt1a10,1.779659705,0.704981912,4.107543901,0.000786154,0.049097761,-0.906231645
Ugt2a3,-1.932475591,0.268265923,-5.056138407,0.000108587,0.013373128,1.119268245
Ugt2b37,-1.954822286,6.146120916,-4.744465033,0.000206217,0.020441785,0.200551097
Ugt2b38,-1.912453808,6.850975793,-6.911283732,3.07E-06,0.001701127,4.446633828
Unc13c,-1.250794638,0.981010591,-3.366211846,0.003820749,0.12789019,-2.396961186
Upk3a,-1.891430819,1.969271012,-2.99999716,0.008303755,0.201902531,-3.176921109
Uroc1,2.210097225,4.821419876,7.672423418,8.11E-07,0.000662411,5.887085574
Usp18,1.19907916,2.932396441,2.497415919,0.023497489,0.291809184,-4.220547993
Vangl2,-1.042562702,2.015786458,-4.824839257,0.00017461,0.01839827,0.625974592
Vill,-1.644248985,4.686237873,-4.903483071,0.000148473,0.016627287,0.610517119
Vnn1,1.590579747,6.402168172,4.229202291,0.000607438,0.041013902,-0.907178459
Vps8,-1.828876341,5.172354802,-6.759115561,4.04E-06,0.002012964,4.265487372
Wdfy4,-1.029107403,0.560088692,-2.768367652,0.013477117,0.265904983,-3.619560286
Wdr78,-1.022835771,1.510695709,-3.533916387,0.00267157,0.102649691,-2.074292393
Wfdc16,-1.286610713,1.559107089,-3.723998261,0.001780097,0.081012198,-1.714017447
Wfdc2,1.936254009,10.21261697,8.377167839,2.53E-07,0.000332376,6.895037758
Wtip,1.183930748,4.557957089,4.150898189,0.000717053,0.045945547,-1.036536338
Xcr1,-1.059390281,0.061188673,-2.401520788,0.028505714,0.33155799,-4.36253716
Xdh,2.138194926,3.870610356,3.640173358,0.002129137,0.088690139,-2.038634555
Xylb,-1.052357933,5.51052822,-4.677438831,0.000237023,0.022108552,0.092234541
Xylt1,-1.208947758,1.676814354,-3.800411272,0.00151212,0.0731224,-1.515178739
Ypel1,1.34315687,1.765092565,4.714355715,0.000219515,0.021206693,0.381713061
Ypel2,1.029359138,3.16959906,2.51140369,0.022840626,0.286866595,-4.29177311
Zbtb16,2.713852144,3.023807626,4.567872299,0.000297871,0.025478019,0.019770579
Zbtb20,-1.144879158,9.684158277,-6.559813262,5.82E-06,0.002492538,3.685643131
Zdhhc2,-1.164706196,3.845586369,-4.531411414,0.000321482,0.026964589,-0.168999889
Zeb2os,-1.438845609,3.297287336,-4.721827607,0.000216135,0.021020958,0.319715551
Zfp365,-1.09534763,0.812706542,-3.412714394,0.003460178,0.119403305,-2.298122998
Zfp385a,1.450816766,4.085187405,3.812331905,0.001474131,0.072138204,-1.667781649
Zfp385b,1.037464358,2.231715153,3.79778898,0.001520608,0.073287192,-1.599207154
Znrf2,-1.092885185,5.702690303,-5.438292221,5.02E-05,0.008595206,1.631630144
Zpld1,-1.032303906,0.341464033,-2.549679057,0.021131156,0.27283903,-4.049156348
